{
  "best_global_step": null,
  "best_metric": null,
  "best_model_checkpoint": null,
  "epoch": 2.857142857142857,
  "eval_steps": 20,
  "global_step": 20,
  "is_hyper_param_search": false,
  "is_local_process_zero": true,
  "is_world_process_zero": true,
  "log_history": [
    {
      "entropy": 2.026090931892395,
      "epoch": 0.7142857142857143,
      "grad_norm": 4.09375,
      "learning_rate": 9.924038765061042e-05,
      "logits/chosen": 0.6911510382950123,
      "logits/rejected": 0.012794100409439573,
      "logps/chosen": -239.3092384338379,
      "logps/rejected": -58.94035472869873,
      "loss": 0.6299203395843506,
      "mean_token_accuracy": 0.4641599550843239,
      "num_tokens": 11028.0,
      "rewards/accuracies": 0.55,
      "rewards/chosen": 0.017269630637019872,
      "rewards/margins": 0.14671715478179975,
      "rewards/rejected": -0.12944752275943755,
      "step": 5
    },
    {
      "entropy": 1.9602124273777009,
      "epoch": 1.4285714285714286,
      "grad_norm": 2.328125,
      "learning_rate": 7.500000000000001e-05,
      "logits/chosen": 0.6968381033431739,
      "logits/rejected": -0.03032109617136385,
      "logps/chosen": -247.67145080566405,
      "logps/rejected": -67.69575653076171,
      "loss": 0.32052972316741946,
      "mean_token_accuracy": 0.4880186155438423,
      "num_tokens": 22260.0,
      "rewards/accuracies": 1.0,
      "rewards/chosen": 0.19696722673252226,
      "rewards/margins": 1.1034322783350945,
      "rewards/rejected": -0.9064650431275367,
      "step": 10
    },
    {
      "entropy": 2.086155527830124,
      "epoch": 2.142857142857143,
      "grad_norm": 0.74609375,
      "learning_rate": 3.289899283371657e-05,
      "logits/chosen": 0.7444569517559206,
      "logits/rejected": 0.144761218161182,
      "logps/chosen": -237.22576446533202,
      "logps/rejected": -69.98443374633788,
      "loss": 0.12437059879302978,
      "mean_token_accuracy": 0.4801301062107086,
      "num_tokens": 33326.0,
      "rewards/accuracies": 1.0,
      "rewards/chosen": 1.0761363588273525,
      "rewards/margins": 2.31695014834404,
      "rewards/rejected": -1.240813809633255,
      "step": 15
    },
    {
      "entropy": 2.0732770800590514,
      "epoch": 2.857142857142857,
      "grad_norm": 0.6796875,
      "learning_rate": 3.0153689607045845e-06,
      "logits/chosen": 0.7571776966676129,
      "logits/rejected": 0.29051207839741383,
      "logps/chosen": -212.76189880371095,
      "logps/rejected": -70.00284671783447,
      "loss": 0.08408058881759643,
      "mean_token_accuracy": 0.48810869753360747,
      "num_tokens": 44292.0,
      "rewards/accuracies": 1.0,
      "rewards/chosen": 1.3894453704357148,
      "rewards/margins": 2.6540566861629484,
      "rewards/rejected": -1.2646113276481628,
      "step": 20
    },
    {
      "epoch": 2.857142857142857,
      "eval_entropy": 2.111510753631592,
      "eval_logits/chosen": 1.0720636424269416,
      "eval_logits/rejected": 0.4526567457088087,
      "eval_logps/chosen": -294.41990661621094,
      "eval_logps/rejected": -76.33576202392578,
      "eval_loss": 0.10208172351121902,
      "eval_mean_token_accuracy": 0.48148176074028015,
      "eval_num_tokens": 44292.0,
      "eval_rewards/accuracies": 1.0,
      "eval_rewards/chosen": 1.3887834548950195,
      "eval_rewards/margins": 2.512600064277649,
      "eval_rewards/rejected": -1.1238166689872742,
      "eval_runtime": 2.856,
      "eval_samples_per_second": 4.902,
      "eval_steps_per_second": 0.7,
      "step": 20
    }
  ],
  "logging_steps": 5,
  "max_steps": 21,
  "num_input_tokens_seen": 0,
  "num_train_epochs": 3,
  "save_steps": 20,
  "stateful_callbacks": {
    "TrainerControl": {
      "args": {
        "should_epoch_stop": false,
        "should_evaluate": false,
        "should_log": false,
        "should_save": true,
        "should_training_stop": false
      },
      "attributes": {}
    }
  },
  "total_flos": 468244093169664.0,
  "train_batch_size": 2,
  "trial_name": null,
  "trial_params": null
}
